id,title,description,link,image_link,availability,price
101,Two Minutes And Beyond,"The Challenge: Love the ocean's depth, but find yourself resurfacing too soon? Many experience this limit: the allure of deeper exploration thwarted by breath constraints.
Why Choose This Guide? After conquering this breath-hold challenge ourselves, we created this detailed guide. It's not just about theory; it's our lived, proven strategy to achieving and enjoying over 2 minutes underwater.
Free 12-Week Training Program: With the eBook, you get an expertly crafted 12-week program to guide you step-by-step toward breath-hold mastery.
Customizable Training Template: For those who wish to design their own regimen, we've included a FREE template to tailor your training journey.
Benefits Beyond Diving: Enhancing your breath-hold isn't just for longer dives. Experience enhanced well-being, stamina, and focus in all areas of life. Plus, diving with confidence ensures a safer experience.
A Holistic Approach: Dive deep into the body's physiological responses, beneficial dietary tips, and dedicated training strategies.
üåü Dive into ""Two Minutes And Beyond"". This isn't just about adding minutes to your dive; it's about transforming the quality of your underwater adventures and enriching your overall life experience. Dive deeper, stay longer, and thrive more with every mastered breath! üåü",https://deepbluecoast.gumroad.com/l/2minutes,https://public-files.gumroad.com/4vn3kntkk36wkwg1jijhoqrvks3t,in stock,39.95
102,The Art Of Equalization,"Have you ever felt that sharp sting in your ears when you try to dive deeper? That's not just a small inconvenience - it's a sign that you're not equalizing properly. Equalization is a key skill that helps balance the pressure in your ears while diving, making the experience both safer and more enjoyable. If not done correctly, it can lead to serious risks and discomfort. To help you with this, we're introducing ""The Art Of Equalization."" This easy-to-follow eBook has been crafted to help you master this often overlooked skill and dive confidently. With the right knowledge and techniques, you can leave the ear pain behind and fully embrace the captivating underwater world.

Inside, you'll find:

‚Ä¢ The Basics of Equalization: Discover why equalization is crucial and how it affects your body during a dive.

‚Ä¢ Anatomy of Equalization: Learn about the body parts, like your ears and sinuses, that play a key role in equalization.

‚Ä¢ Equalization Techniques: Understand the Valsalva and Frenzel techniques and find out the best times to use each one.

‚Ä¢ Practical Exercises: Try exercises you can do anywhere to help improve your equalization skills.

‚Ä¢ Troubleshooting Common Issues: Learn how to handle common problems like ear pain or blocked ears and how to prevent them.

‚Ä¢ Advanced Equalization Techniques: Ready for more? Try advanced methods like the ""mouth-fill"" technique.

‚Ä¢ Equalization for Deep Dives: Find out how to adjust your equalization techniques for deeper, more adventurous dives.

‚Ä¢ Safety First: Get the lowdown on why improper equalization can be dangerous and why it's so important to know your limits.

‚Ä¢ Your Go-To Equalization Checklist: Use our handy checklist before and during your dives to make sure you're equalizing correctly.

‚Ä¢ Wrap-Up and Additional Resources: Review what you've learned and explore more resources to further your understanding of equalization.

""The Art Of Equalization"" is perfect for all divers, whether you're a beginner dealing with discomfort or an experienced diver looking to explore greater depths.

Don't let the fear of pressure hold you back. Dive into ""The Art Of Equalization"" and transform your underwater experience!

Buy it now and dive deeper, but most importantly, safer!",https://deepbluecoast.gumroad.com/l/equalization,https://public-files.gumroad.com/gl0c826v8q57n62i82mgd5qmnpw5,in stock,29.95
103,Safety In Freediving,"The Ultimate Guide to Freediving Safety üåäüìò

Dive into Freediving: Discover what makes freediving a unique and exhilarating sport, different from other forms of diving.
Body's Response to the Depths: Delve into the fascinating physiological responses, like bradycardia and splenic contraction, that let us explore the underwater world longer.
Equalization Mastery: Tired of ear pain during descents? Learn techniques that make diving more comfortable and safe.
The Dive Buddy System: Understand why diving alone isn't just frowned upon‚Äîit's dangerous. Learn how to effectively communicate and ensure both you and your buddy return safely.
Advanced Freediving & Competition: Elevate your diving game with techniques for deep dives and insights into the competitive world of freediving.
üí° Originally planned as a premium guide, we've opted to share this invaluable knowledge for FREE. Enjoying the insights? Please consider leaving a tip. Every contribution ensures we continue providing high-quality content for all. üí∞üôè",https://deepbluecoast.gumroad.com/l/safe,https://public-files.gumroad.com/7bsgraua0heszbe65lqg1mvvnpmv,in stock,0